{"cameraMode":{"drawMode":0,"name":"Shaded","section":"Shading Mode"},"sceneLighting":true,"audioPlay":false,"sceneViewState":{"showFog":true,"showMaterialUpdate":true,"showSkybox":true,"showFlares":true,"showImageEffects":true,"showParticleSystems":true},"in2DMode":false,"pivot":{"x":2.963204860687256,"y":1.524587631225586,"z":-7.997783660888672},"rotation":{"x":-0.16380707919597627,"y":0.1610942929983139,"z":-0.027123961597681047,"w":-0.9728723764419556},"size":15.253122329711914,"orthographic":false}